{"cameraMode":{"drawMode":0,"name":"Shaded","section":"Shading Mode"},"sceneLighting":true,"audioPlay":false,"sceneViewState":{"showFog":true,"showMaterialUpdate":true,"showSkybox":true,"showFlares":true,"showImageEffects":true,"showParticleSystems":true},"in2DMode":false,"pivot":{"x":1.3251464366912842,"y":-1.385941982269287,"z":-3.736393451690674},"rotation":{"x":-0.08477044105529785,"y":-0.9044836163520813,"z":0.35949063301086428,"w":-0.21328376233577729},"size":12.386266708374024,"orthographic":false}